1,BonBon! avail huge discounts,7
2,Bonzo! become a member today,3
3,Metsu! like us on facebook to get a discount,12
4,Zico! become a member today,14
5,PLanetM! coming soon in a store near you!,1
6,Zuke! become a member today,2
7,Radix! avail huge discounts,10
8,Greeno! avail huge discounts,11
9,Metsu! now available in a store near you,12
10,PLanetM! try this and you would try again!,1
11,Zippy! now available in a store near you,8
12,Zuke! avail huge discounts,2
13,Crombie! try this and you would try again!,5
14,Radix! coming soon in a store near you!,10
15,Crombie! coming soon in a store near you!,5
16,Crombie! this is the thing you need,5
17,Bonzo! this is the thing you need,3
18,Absoo! avail huge discounts,4
19,BonBon! avail huge discounts,7
20,Crombie! like us on facebook to get a discount,5
21,Zico! avail huge discounts,14
22,Absoo! this is the thing you need,4
23,Bonzo! coming soon in a store near you!,3
24,Troy! like us on facebook to get a discount,9
25,Crombie! try this and you would try again!,5
26,BonBon! avail huge discounts,7
27,BonBon! this is the thing you need,7
28,Crombie! coming soon in a store near you!,5
