Bruno_Larson@msn.com,swimming
Bruno_Larson@msn.com,singing
Tom_Chrysler@gmail.com,music
Tom_Chrysler@gmail.com,drawing
Tom_Chrysler@gmail.com,sports
Tom_Chrysler@gmail.com,singing
Monica_Toddbridge@gmail.com,drawing
Monica_Toddbridge@gmail.com,swimming
Monica_Toddbridge@gmail.com,basketball
Monica_Toddbridge@gmail.com,dancing
Betty_Helibron@yahoo.com,sports
Betty_Helibron@yahoo.com,singing
Betty_Helibron@yahoo.com,tennis
Betty_Helibron@yahoo.com,dancing
Roger_Lomet@msn.com,archery
Roger_Lomet@msn.com,drawing
Sam_Peterson@hotmail.com,sports
Sam_Peterson@hotmail.com,basketball
Sam_Peterson@hotmail.com,dancing
Sam_Peterson@hotmail.com,music
Christy_Li@msn.com,singing
Albert_Carey@msn.com,tennis
Bruno_Keit@gmail.com,music
Bruno_Keit@gmail.com,swimming
Bruno_Keit@gmail.com,basketball
Kitty_Toddbridge@msn.com,sports
Kitty_Toddbridge@msn.com,archery
Denny_Karipova@yahoo.com,singing
Denny_Karipova@yahoo.com,swimming
Albert_Karipova@gmail.com,basketball
Albert_Karipova@gmail.com,swimming
Tina_Keit@msn.com,swimming
Tina_Keit@msn.com,archery
George_Smith@hotmail.com,sports
George_Smith@hotmail.com,singing
Monica_Keit@yahoo.com,sports
Monica_Keit@yahoo.com,tennis
Nadir_Toddbridge@hotmail.com,sports
Nadir_Toddbridge@hotmail.com,archery
Peter_Karipova@hotmail.com,sports
Peter_Karipova@hotmail.com,singing
Peter_Karipova@hotmail.com,music
Mandy_Smith@gmail.com,music
Jeremy_Parker@msn.com,archery
John_Parker@yahoo.com,swimming
Sarena_Carey@hotmail.com,basketball
Sarena_Carey@hotmail.com,sports
Sarena_Carey@hotmail.com,swimming
Sarena_Carey@hotmail.com,archery
Gina_Toddbridge@msn.com,tennis
Gina_Toddbridge@msn.com,singing
Gina_Toddbridge@msn.com,dancing
Gina_Toddbridge@msn.com,music
Roger_Carey@msn.com,swimming
Roger_Carey@msn.com,singing
Albert_Li@gmail.com,dancing
Albert_Li@gmail.com,tennis
Albert_Li@gmail.com,drawing
Tom_Carey@msn.com,basketball
Betty_Lomet@yahoo.com,sports
Betty_Lomet@yahoo.com,drawing
Sarena_DSouza@msn.com,drawing
Sarena_DSouza@msn.com,archery
Sarena_DSouza@msn.com,music
Nadir_Karipova@msn.com,tennis
Nadir_Karipova@msn.com,singing
Nadir_Karipova@msn.com,sports
Nadir_Karipova@msn.com,music
Nadir_Wood@msn.com,singing
Nadir_Wood@msn.com,basketball
Nadir_Wood@msn.com,sports
Nadir_Wood@msn.com,archery
Nadir_Li@gmail.com,basketball
Sam_Li@msn.com,sports
Sam_Li@msn.com,singing
David_Parker@msn.com,music
Elena_Parker@yahoo.com,sports
Elena_Parker@yahoo.com,basketball
Elena_Parker@yahoo.com,archery
Alex_Larson@gmail.com,tennis
Alex_Larson@gmail.com,music
Alex_Wood@yahoo.com,tennis
Alex_Wood@yahoo.com,drawing
Alex_Wood@yahoo.com,singing
Alex_Wood@yahoo.com,music
Mike_Keit@hotmail.com,drawing
Mike_Keit@hotmail.com,music
Mike_Keit@hotmail.com,archery
Mike_Keit@hotmail.com,tennis
Monica_Lomet@hotmail.com,drawing
Monica_Lomet@hotmail.com,swimming
Monica_Lomet@hotmail.com,dancing
Bruno_Lomet@gmail.com,singing
Bruno_Lomet@gmail.com,sports
Bruno_Lomet@gmail.com,swimming
Bruno_Lomet@gmail.com,basketball
George_Parker@hotmail.com,swimming
Denny_Toddbridge@hotmail.com,swimming
Denny_Toddbridge@hotmail.com,singing
Denny_Toddbridge@hotmail.com,basketball
Albert_Smith@msn.com,archery
Albert_Smith@msn.com,sports
Albert_Smith@msn.com,music
Albert_Smith@msn.com,basketball
George_Lomet@msn.com,swimming
George_Lomet@msn.com,archery
George_Lomet@msn.com,music
Bruno_Karipova@yahoo.com,sports
Bruno_Karipova@yahoo.com,music
Bruno_Karipova@yahoo.com,tennis
Charles_Parker@msn.com,swimming
Charles_Parker@msn.com,music
Gina_Smith@msn.com,tennis
Emma_Smith@hotmail.com,singing
Emma_Smith@hotmail.com,basketball
Emma_Smith@hotmail.com,archery
Emma_Smith@hotmail.com,sports
Monica_DSouza@msn.com,swimming
Monica_DSouza@msn.com,sports
Monica_DSouza@msn.com,music
Monica_DSouza@msn.com,singing
Bruno_Li@msn.com,music
Bruno_Li@msn.com,tennis
Bruno_Li@msn.com,sports
Bruno_Li@msn.com,basketball
George_Goldstein@gmail.com,sports
George_Goldstein@gmail.com,tennis
George_Goldstein@gmail.com,drawing
Charles_DSouza@gmail.com,tennis
Charles_DSouza@gmail.com,archery
Christy_Lomet@yahoo.com,archery
Christy_Lomet@yahoo.com,dancing
Christy_Lomet@yahoo.com,singing
Gina_Parker@hotmail.com,tennis
Gina_Parker@hotmail.com,music
Gina_Parker@hotmail.com,sports
Elena_DSouza@gmail.com,tennis
Elena_DSouza@gmail.com,basketball
Bruno_Parker@hotmail.com,singing
Bruno_Parker@hotmail.com,swimming
Sarena_Li@gmail.com,sports
Sarena_Li@gmail.com,singing
Mary_Smith@gmail.com,basketball
Mary_Smith@gmail.com,swimming
Mary_Smith@gmail.com,archery
Mary_Smith@gmail.com,sports
Gabriela_Li@hotmail.com,music
Gabriela_Li@hotmail.com,swimming
Kitty_Helibron@hotmail.com,dancing
Kitty_Helibron@hotmail.com,archery
Kitty_Helibron@hotmail.com,swimming
Christy_Helibron@hotmail.com,tennis
Christy_Helibron@hotmail.com,dancing
Emma_Goldstein@yahoo.com,singing
Emma_Goldstein@yahoo.com,basketball
Nadir_Helibron@gmail.com,basketball
Charles_Peterson@msn.com,swimming
Charles_Peterson@msn.com,sports
Charles_Peterson@msn.com,drawing
Celina_Toddbridge@gmail.com,archery
Sam_Goldstein@yahoo.com,music
Sam_Goldstein@yahoo.com,swimming
Sam_Goldstein@yahoo.com,tennis
Gina_Carey@gmail.com,dancing
Emma_Parker@hotmail.com,music
Emma_Parker@hotmail.com,archery
Jeremy_Goldstein@hotmail.com,drawing
Jeremy_Goldstein@hotmail.com,dancing
Jeremy_Goldstein@hotmail.com,swimming
Albert_Helibron@yahoo.com,swimming
Albert_Helibron@yahoo.com,dancing
Albert_Helibron@yahoo.com,drawing
Emma_DSouza@msn.com,drawing
Emma_DSouza@msn.com,archery
Emma_DSouza@msn.com,basketball
Emma_DSouza@msn.com,swimming
Jeremy_Carey@msn.com,swimming
Jeremy_Carey@msn.com,archery
Peter_Keit@msn.com,music
John_Chrysler@hotmail.com,dancing
John_Chrysler@hotmail.com,basketball
John_Chrysler@hotmail.com,archery
John_Chrysler@hotmail.com,tennis
Nadir_Goldstein@yahoo.com,dancing
Nadir_Goldstein@yahoo.com,swimming
Betty_Wood@yahoo.com,tennis
Gina_Larson@msn.com,basketball
Sam_DSouza@msn.com,archery
Elena_Chrysler@msn.com,tennis
Elena_Chrysler@msn.com,drawing
Elena_Chrysler@msn.com,dancing
Denny_Goldstein@msn.com,swimming
Denny_Goldstein@msn.com,dancing
Denny_Goldstein@msn.com,archery
Denny_Goldstein@msn.com,singing
Mandy_Wood@msn.com,drawing
Mandy_Wood@msn.com,music
Sam_Larson@yahoo.com,singing
Sam_Larson@yahoo.com,music
Sam_Larson@yahoo.com,swimming
Erie_Karipova@msn.com,basketball
Erie_Karipova@msn.com,swimming
Erie_Karipova@msn.com,drawing
Alex_Carey@gmail.com,music
Alex_Carey@gmail.com,tennis
Alex_Carey@gmail.com,archery
John_Travolta@jtv.com,sports
Nicholas_Cage@ncg.com,archery
Nicholas_Cage@ncg.com,music
Nicholas_Cage@ncg.com,drawing
Nicholas_Cage@ncg.com,dancing
Brad_Pitt@pitt.com,dancing
Brad_Pitt@pitt.com,music
Brad_Pitt@pitt.com,singing
Julia_Roberts_@rbt.com,sports
Julia_Roberts_@rbt.com,swimming
Serena_Williams@usta.net,music
Serena_Williams@usta.net,drawing
David_Beckham@uks.net,music
David_Beckham@uks.net,dancing
David_Beckham@uks.net,sports
David_Beckham@uks.net,tennis
Tom_Hanks@thk.com,drawing
Justin_Timberlake@tlk.com,tennis
Roger_Federer@swta.net,sports
Roger_Federer@swta.net,drawing
Roger_Federer@swta.net,swimming
Roger_Federer@swta.net,tennis
