Bruno_Larson@msn.com,Bruno_Larson,Bruno Larson,4/16/1966,1222 13street Illinois US,R
Tom_Chrysler@gmail.com,Tom_Chrysler,Tom Chrysler,10/2/1955,2088 10street Masachussets US,R
Betty_Chrysler@yahoo.com,Betty_Chrysler,Betty Chrysler,8/1/1967,1413 6street Washington US,R
Monica_Toddbridge@gmail.com,Monica_Toddbridge,Monica Toddbridge,10/28/1977,1309 4street Hawaii US,R
Betty_Helibron@yahoo.com,Betty_Helibron,Betty Helibron,2/8/1967,555 14street Illinois US,R
Roger_Lomet@msn.com,Roger_Lomet,Roger Lomet,3/22/1962,1691 21street Michigan US,R
Sam_Peterson@hotmail.com,Sam_Peterson,Sam Peterson,7/8/1992,428 3street Michigan US,R
Christy_Li@msn.com,Christy_Li,Christy Li,12/12/1975,865 8street Utah US,R
Albert_Carey@msn.com,Albert_Carey,Albert Carey,4/18/1994,1198 15street Illinois US,R
Bruno_Keit@gmail.com,Bruno_Keit,Bruno Keit,12/4/1991,1869 22street California US,R
Kitty_Toddbridge@msn.com,Kitty_Toddbridge,Kitty Toddbridge,11/15/1975,274 20street California US,R
Denny_Karipova@yahoo.com,Denny_Karipova,Denny Karipova,11/22/1988,262 19street Michigan US,R
Albert_Karipova@gmail.com,Albert_Karipova,Albert Karipova,7/25/1989,1635 4street Utah US,R
Alex_Keit@gmail.com,Alex_Keit,Alex Keit,1/15/1964,629 19street Masachussets US,R
Tina_Keit@msn.com,Tina_Keit,Tina Keit,9/2/1990,1768 12street Wyoming US,R
George_Smith@hotmail.com,George_Smith,George Smith,8/28/1968,1504 1street Wyoming US,R
Monica_Keit@yahoo.com,Monica_Keit,Monica Keit,3/11/1981,424 1street Oregon US,R
Nadir_Toddbridge@hotmail.com,Nadir_Toddbridge,Nadir Toddbridge,5/7/1977,1585 7street Nevada US,R
Peter_Karipova@hotmail.com,Peter_Karipova,Peter Karipova,2/9/1959,475 13street Wyoming US,R
Mandy_Smith@gmail.com,Mandy_Smith,Mandy Smith,6/3/1961,1045 3street Illinois US,R
Jeremy_Parker@msn.com,Jeremy_Parker,Jeremy Parker,7/21/1987,487 11street Michigan US,R
John_Parker@yahoo.com,John_Parker,John Parker,12/23/1987,838 7street Masachussets US,R
Sarena_Carey@hotmail.com,Sarena_Carey,Sarena Carey,9/21/1966,323 8street Wyoming US,R
Gina_Toddbridge@msn.com,Gina_Toddbridge,Gina Toddbridge,2/19/1964,877 20street Pennsylvania US,R
Roger_Carey@msn.com,Roger_Carey,Roger Carey,5/3/1971,1343 21street Nevada US,R
Albert_Li@gmail.com,Albert_Li,Albert Li,10/26/1971,2053 18street Michigan US,R
Tom_Carey@msn.com,Tom_Carey,Tom Carey,1/13/1981,949 11street Utah US,R
Alex_Peterson@gmail.com,Alex_Peterson,Alex Peterson,1/13/1958,1471 6street Colarado US,R
Betty_Lomet@yahoo.com,Betty_Lomet,Betty Lomet,3/12/1971,683 7street Illinois US,R
Sarena_DSouza@msn.com,Sarena_DSouza,Sarena DSouza,8/15/1957,169 8street Florida US,R
Nadir_Karipova@msn.com,Nadir_Karipova,Nadir Karipova,9/9/1963,1948 22street California US,R
Nadir_Wood@msn.com,Nadir_Wood,Nadir Wood,8/5/1972,794 22street Pennsylvania US,R
Nadir_Li@gmail.com,Nadir_Li,Nadir Li,2/19/1991,1137 8street Wyoming US,R
Sam_Li@msn.com,Sam_Li,Sam Li,11/28/1984,1365 8street Nevada US,R
David_Parker@msn.com,David_Parker,David Parker,7/11/1964,354 23street Florida US,R
Celina_Larson@yahoo.com,Celina_Larson,Celina Larson,9/25/1992,369 1street Ney York US,R
Elena_Parker@yahoo.com,Elena_Parker,Elena Parker,5/5/1971,895 1street Wyoming US,R
Alex_Larson@gmail.com,Alex_Larson,Alex Larson,2/17/1991,707 17street California US,R
Alex_Wood@yahoo.com,Alex_Wood,Alex Wood,11/14/1955,1301 2street Michigan US,R
Mike_Keit@hotmail.com,Mike_Keit,Mike Keit,8/13/1977,1274 8street Texas US,R
Charles_Chrysler@yahoo.com,Charles_Chrysler,Charles Chrysler,11/24/1975,1450 20street Nevada US,R
Monica_Lomet@hotmail.com,Monica_Lomet,Monica Lomet,12/14/1981,1182 4street Nevada US,R
Tom_Wood@msn.com,Tom_Wood,Tom Wood,1/7/1963,575 15street Masachussets US,R
Bruno_Lomet@gmail.com,Bruno_Lomet,Bruno Lomet,4/19/1984,429 7street Utah US,R
George_Parker@hotmail.com,George_Parker,George Parker,3/28/1955,652 9street Nevada US,R
Denny_Toddbridge@hotmail.com,Denny_Toddbridge,Denny Toddbridge,11/8/1984,815 9street Hawaii US,R
Albert_Smith@msn.com,Albert_Smith,Albert Smith,6/21/1987,1868 1street Ney York US,R
George_Lomet@msn.com,George_Lomet,George Lomet,6/2/1990,208 16street Illinois US,R
Bruno_Karipova@yahoo.com,Bruno_Karipova,Bruno Karipova,12/5/1992,187 24street Washington US,R
Charles_Parker@msn.com,Charles_Parker,Charles Parker,7/19/1976,1587 17street Utah US,R
Gina_Smith@msn.com,Gina_Smith,Gina Smith,12/4/1956,2042 1street Oregon US,R
Bruno_Smith@msn.com,Bruno_Smith,Bruno Smith,5/21/1971,1866 7street Pennsylvania US,R
Emma_Smith@hotmail.com,Emma_Smith,Emma Smith,5/11/1989,1685 25street Ney York US,R
Monica_DSouza@msn.com,Monica_DSouza,Monica DSouza,9/18/1988,841 14street Illinois US,R
Bruno_Li@msn.com,Bruno_Li,Bruno Li,10/19/1957,1767 19street Colarado US,R
George_Goldstein@gmail.com,George_Goldstein,George Goldstein,3/2/1972,433 13street Ney York US,R
Gina_Helibron@gmail.com,Gina_Helibron,Gina Helibron,9/10/1984,1703 10street Ney York US,R
Charles_DSouza@gmail.com,Charles_DSouza,Charles DSouza,11/21/1994,649 20street Masachussets US,R
Christy_Lomet@yahoo.com,Christy_Lomet,Christy Lomet,11/20/1967,271 20street Washington US,R
Erie_DSouza@hotmail.com,Erie_DSouza,Erie DSouza,10/3/1968,1456 15street Masachussets US,R
Gina_Parker@hotmail.com,Gina_Parker,Gina Parker,10/15/1974,618 24street Illinois US,R
Elena_DSouza@gmail.com,Elena_DSouza,Elena DSouza,10/8/1963,415 10street Colarado US,R
Bruno_Parker@hotmail.com,Bruno_Parker,Bruno Parker,6/18/1964,694 18street Utah US,R
Sarena_Li@gmail.com,Sarena_Li,Sarena Li,9/23/1977,216 3street Pennsylvania US,R
Mary_Smith@gmail.com,Mary_Smith,Mary Smith,7/16/1959,702 25street California US,R
Gabriela_Li@hotmail.com,Gabriela_Li,Gabriela Li,5/21/1962,526 15street Pennsylvania US,R
Kitty_Helibron@hotmail.com,Kitty_Helibron,Kitty Helibron,2/27/1985,1775 19street Wyoming US,R
Christy_Helibron@hotmail.com,Christy_Helibron,Christy Helibron,10/4/1982,860 17street Wyoming US,R
Emma_Goldstein@yahoo.com,Emma_Goldstein,Emma Goldstein,1/15/1969,425 11street California US,R
Nadir_Helibron@gmail.com,Nadir_Helibron,Nadir Helibron,9/22/1979,1559 25street Michigan US,R
Charles_Peterson@msn.com,Charles_Peterson,Charles Peterson,4/16/1986,656 22street Washington US,R
Charles_Karipova@msn.com,Charles_Karipova,Charles Karipova,6/4/1959,434 12street Nevada US,R
Roger_DSouza@yahoo.com,Roger_DSouza,Roger DSouza,7/13/1974,1228 8street Illinois US,R
Albert_Larson@hotmail.com,Albert_Larson,Albert Larson,12/25/1963,906 13street Wyoming US,R
Celina_Toddbridge@gmail.com,Celina_Toddbridge,Celina Toddbridge,8/28/1962,1185 16street Oregon US,R
Sam_Goldstein@yahoo.com,Sam_Goldstein,Sam Goldstein,10/11/1994,523 9street Wyoming US,R
Gina_Carey@gmail.com,Gina_Carey,Gina Carey,12/6/1958,1820 18street Michigan US,R
Denny_Larson@yahoo.com,Denny_Larson,Denny Larson,9/22/1979,1688 25street Utah US,R
Emma_Parker@hotmail.com,Emma_Parker,Emma Parker,9/8/1978,1771 25street Nevada US,R
Jeremy_Goldstein@hotmail.com,Jeremy_Goldstein,Jeremy Goldstein,7/28/1958,700 6street Hawaii US,R
Albert_Helibron@yahoo.com,Albert_Helibron,Albert Helibron,9/8/1976,188 20street Colarado US,R
Emma_DSouza@msn.com,Emma_DSouza,Emma DSouza,12/27/1982,1031 21street Michigan US,R
John_Wood@yahoo.com,John_Wood,John Wood,12/9/1986,538 12street California US,R
Jeremy_Carey@msn.com,Jeremy_Carey,Jeremy Carey,9/12/1968,1244 18street Florida US,R
Peter_Keit@msn.com,Peter_Keit,Peter Keit,6/25/1968,1812 1street Illinois US,R
Celina_Parker@gmail.com,Celina_Parker,Celina Parker,6/24/1960,1531 9street Oregon US,R
John_Chrysler@hotmail.com,John_Chrysler,John Chrysler,10/25/1982,1841 9street California US,R
Nadir_Goldstein@yahoo.com,Nadir_Goldstein,Nadir Goldstein,12/18/1974,1252 6street Utah US,R
Betty_Wood@yahoo.com,Betty_Wood,Betty Wood,11/26/1967,1226 11street Michigan US,R
Gina_Larson@msn.com,Gina_Larson,Gina Larson,9/25/1981,128 2street Nevada US,R
Sam_DSouza@msn.com,Sam_DSouza,Sam DSouza,4/9/1973,838 21street Pennsylvania US,R
Elena_Chrysler@msn.com,Elena_Chrysler,Elena Chrysler,4/13/1982,1547 3street Texas US,R
Roger_Larson@yahoo.com,Roger_Larson,Roger Larson,6/7/1962,239 16street Colarado US,R
Denny_Goldstein@msn.com,Denny_Goldstein,Denny Goldstein,11/25/1965,999 1street Masachussets US,R
Sam_Helibron@yahoo.com,Sam_Helibron,Sam Helibron,11/27/1974,1126 12street Oregon US,R
Mandy_Wood@msn.com,Mandy_Wood,Mandy Wood,4/4/1975,1267 20street Utah US,R
Denny_Keit@yahoo.com,Denny_Keit,Denny Keit,10/6/1968,1876 6street Washington US,R
Sam_Larson@yahoo.com,Sam_Larson,Sam Larson,8/12/1987,1866 21street Utah US,R
Erie_Karipova@msn.com,Erie_Karipova,Erie Karipova,8/7/1992,222 24street Florida US,R
Alex_Carey@gmail.com,Alex_Carey,Alex Carey,6/2/1966,1303 11street Pennsylvania US,R
Michael_Phelps@uss.net,MichaelPhelps,MichaelPhelps,4/5/1989,1536 4street Colarado US,C
John_Travolta@jtv.com,JohnTravolta,JohnTravolta,4/25/1982,1562 17street Utah US,C
Morgan_Freeman@morgan.com,MorganFreeman,MorganFreeman,9/12/1985,1813 6street Wyoming US,C
Nicholas_Cage@ncg.com,NicholasCage,NicholasCage,4/1/1965,547 20street Washington US,C
Venus_Williams@usta.net,VenusWilliams,VenusWilliams,3/5/1975,337 10street Hawaii US,C
Sandra_Bullock@blk.com,SandraBullock,SandraBullock,8/12/1986,311 16street Oregon US,C
Brad_Pitt@pitt.com,BradPitt,BradPitt,8/15/1974,665 21street Colarado US,C
Julia_Roberts_@rbt.com,JuliaRoberts,JuliaRoberts,9/4/1967,1258 7street Hawaii US,C
Serena_Williams@usta.net,SerenaWilliams,SerenaWilliams,4/22/1991,2020 24street Washington US,C
Bruce_Willis@bws.com,BruceWillis,BruceWillis,6/26/1963,2028 2street Utah US,C
Mariah_Carey@sng.net,MariahCarey,MariahCarey,5/11/1976,1928 18street Nevada US,C
David_Beckham@uks.net,DavidBeckham,DavidBeckham,5/1/1965,908 17street Wyoming US,C
Nicole_Kidman@kid.com,NicoleKidman,NicoleKidman,12/2/1969,908 9street Hawaii US,C
Rafael_Nadal@sta.net,RafaelNadal,RafaelNadal,9/26/1994,1054 18street Utah US,C
Tom_Hanks@thk.com,TomHanks,TomHanks,2/20/1987,259 2street Washington US,C
Justin_Timberlake@tlk.com,JustinTimberlake,JustinTimberlake,8/10/1972,1475 8street Wyoming US,C
Roger_Federer@swta.net,RogerFederer,RogerFederer,5/17/1987,1400 2street Pennsylvania US,C
