id,name,email,total_advertisements
1,PLanetM,Rafael_Nadal@sta.net,2
2,Zuke,Sandra_Bullock@blk.com,2
3,Bonzo,Michael_Phelps@uss.net,3
4,Absoo,Serena_Williams@usta.net,2
5,Crombie,John_Travolta@jtv.com,6
6,Dennys,Julia_Roberts_@rbt.com,0
7,BonBon,Nicholas_Cage@ncg.com,4
8,Zippy,Morgan_Freeman@morgan.com,1
9,Troy,Tom_Hanks@thk.com,1
10,Radix,Bruce_Willis@bws.com,2
11,Greeno,Venus_Williams@usta.net,1
12,Metsu,Justin_Timberlake@tlk.com,2
13,Nano,Roger_Federer@swta.net,0
14,Zico,David_Beckham@uks.net,2
