id,name,email,total_followers
1,PLanetM,Rafael_Nadal@sta.net,52
2,Zuke,Sandra_Bullock@blk.com,35
3,Bonzo,Michael_Phelps@uss.net,26
4,Absoo,Serena_Williams@usta.net,1
5,Crombie,John_Travolta@jtv.com,83
6,Dennys,Julia_Roberts_@rbt.com,82
7,BonBon,Nicholas_Cage@ncg.com,41
8,Zippy,Morgan_Freeman@morgan.com,84
9,Troy,Tom_Hanks@thk.com,12
10,Radix,Bruce_Willis@bws.com,20
11,Greeno,Venus_Williams@usta.net,72
12,Metsu,Justin_Timberlake@tlk.com,22
13,Nano,Roger_Federer@swta.net,1
14,Zico,David_Beckham@uks.net,41
